[{"__type__": "order", "id": "urn:uuid:b6a0361e-d2f6-4fc6-ba63-2425be724756", "schedule": {"__type__": "schedule", "start": "2021/04/15-11:00", "end": "2021/04/15-11:30"}, "item": {"__type__": "workshop", "name": "Workshop", "qt": 15, "price": 99, "unit": 3600, "power": 0, "dp": 0}, "client": "Lilypad", "crdate": "2021/04/11-11:04", "cancl": true}, {"__type__": "order", "id": "urn:uuid:08fcdb3f-18d8-4075-9a2c-498af99ed835", "schedule": {"__type__": "schedule", "start": "2021/04/15-11:00", "end": "2021/04/15-11:30"}, "item": {"__type__": "micro", "name": "Mini microvac", "qt": 2, "price": 2000, "unit": 3600, "power": 1, "dp": 0.5}, "client": "MarshMallow", "crdate": "2021/04/11-11:05", "cancl": false}]